<?xml version='1.0' encoding='utf-8'?>
<!DOCTYPE hibernate-mapping PUBLIC
    "-//Hibernate/Hibernate Mapping DTD 3.0//EN"
    "http://www.hibernate.org/dtd/hibernate-mapping-3.0.dtd">
<hibernate-mapping>

    <class name="school.CommencedMultipleChoiceOneCourseEntity" table="CommencedMultipleChoiceOneCourse" schema="dbo"
           catalog="SSE">
        <id name="objectId">
            <column name="ObjectID" sql-type="int"/>
        </id>
        <property name="classId">
            <column name="ClassID" sql-type="nvarchar(50)" length="50" not-null="true"/>
        </property>
        <property name="courseId">
            <column name="CourseID" sql-type="nvarchar(50)" length="50" not-null="true"/>
        </property>
        <property name="courseName">
            <column name="CourseName" sql-type="nvarchar(50)" length="50" not-null="true"/>
        </property>
        <property name="multiChoiceOne">
            <column name="MultiChoiceOne" sql-type="int" not-null="true"/>
        </property>
        <property name="courseProfessional">
            <column name="CourseProfessional" sql-type="nvarchar(200)" length="200" not-null="true"/>
        </property>
    </class>
</hibernate-mapping>