<?xml version='1.0' encoding='utf-8'?>
<!DOCTYPE hibernate-mapping PUBLIC
    "-//Hibernate/Hibernate Mapping DTD 3.0//EN"
    "http://www.hibernate.org/dtd/hibernate-mapping-3.0.dtd">
<hibernate-mapping>

    <class name="school.CourseEntity" table="Course" schema="dbo" catalog="SSE">
        <id name="objectId">
            <column name="ObjectID" sql-type="int"/>
        </id>
        <property name="courseId">
            <column name="CourseID" sql-type="nvarchar(50)" length="50"/>
        </property>
        <property name="courseName">
            <column name="CourseName" sql-type="nvarchar(50)" length="50"/>
        </property>
        <property name="theoryHours">
            <column name="TheoryHours" sql-type="nvarchar(10)" length="10" not-null="true"/>
        </property>
        <property name="testHours">
            <column name="TestHours" sql-type="nvarchar(10)" length="10" not-null="true"/>
        </property>
        <property name="credit">
            <column name="Credit" sql-type="float" precision="-1" not-null="true"/>
        </property>
        <property name="writer">
            <column name="writer" sql-type="nvarchar(4000)" length="4000" not-null="true"/>
        </property>
        <property name="objectivesAndrequirements">
            <column name="ObjectivesAndrequirements" sql-type="text" not-null="true"/>
        </property>
        <property name="coursesInfo">
            <column name="CoursesInfo" sql-type="text" not-null="true"/>
        </property>
        <property name="keyAndDifficult">
            <column name="KeyAndDifficult" sql-type="text" not-null="true"/>
        </property>
        <property name="teachingMaterials">
            <column name="TeachingMaterials" sql-type="text" not-null="true"/>
        </property>
        <property name="mainContentsAndHoursAllocation">
            <column name="MainContentsAndHoursAllocation" sql-type="text" not-null="true"/>
        </property>
    </class>
</hibernate-mapping>