<?xml version='1.0' encoding='utf-8'?>
<!DOCTYPE hibernate-mapping PUBLIC
    "-//Hibernate/Hibernate Mapping DTD 3.0//EN"
    "http://www.hibernate.org/dtd/hibernate-mapping-3.0.dtd">
<hibernate-mapping>

    <class name="school.CoursePlanEntity" table="CoursePlan" schema="dbo" catalog="SSE">
        <id name="objectId">
            <column name="ObjectID" sql-type="int"/>
        </id>
        <property name="classId">
            <column name="ClassID" sql-type="nvarchar(50)" length="50"/>
        </property>
        <property name="courseId">
            <column name="CourseID" sql-type="nvarchar(50)" length="50"/>
        </property>
        <property name="maxNumber">
            <column name="MaxNumber" sql-type="int"/>
        </property>
        <property name="allowMultipleChoice">
            <column name="AllowMultipleChoice" sql-type="int"/>
        </property>
        <property name="courseName">
            <column name="CourseName" sql-type="nvarchar(50)" length="50" not-null="true"/>
        </property>
        <property name="teacherName">
            <column name="TeacherName" sql-type="nvarchar(50)" length="50" not-null="true"/>
        </property>
        <property name="teacherName2">
            <column name="TeacherName2" sql-type="nvarchar(50)" length="50" not-null="true"/>
        </property>
        <property name="expelimentTeacher">
            <column name="ExpelimentTeacher" sql-type="nvarchar(50)" length="50" not-null="true"/>
        </property>
        <property name="expelimentTeacher2">
            <column name="ExpelimentTeacher2" sql-type="nvarchar(50)" length="50" not-null="true"/>
        </property>
        <property name="expelimentTeacher3">
            <column name="ExpelimentTeacher3" sql-type="nvarchar(50)" length="50" not-null="true"/>
        </property>
        <property name="detailLocation">
            <column name="DetailLocation" sql-type="nvarchar(50)" length="50" not-null="true"/>
        </property>
        <property name="timeAndRoom">
            <column name="TimeAndRoom" sql-type="nvarchar(500)" length="500" not-null="true"/>
        </property>
        <property name="electiveStartTime">
            <column name="ElectiveStartTime" sql-type="date" not-null="true"/>
        </property>
        <property name="electiveEndTime">
            <column name="ElectiveEndTime" sql-type="date" not-null="true"/>
        </property>
        <property name="backCourseEndTime">
            <column name="BackCourseEndTime" sql-type="date"  not-null="true"/>
        </property>
        <property name="optionalProfessional">
            <column name="OptionalProfessional" sql-type="nvarchar(50)" length="50" not-null="true"/>
        </property>
        <property name="isDelete">
            <column name="IsDelete" sql-type="int" not-null="true"/>
        </property>
        <property name="newSchoolYear">
            <column name="NewSchoolYear" sql-type="nvarchar(50)" length="50" not-null="true"/>
        </property>
        <property name="experimental">
            <column name="Experimental" sql-type="nvarchar(100)" length="100" not-null="true"/>
        </property>
    </class>
</hibernate-mapping>