<?xml version='1.0' encoding='utf-8'?>
<!DOCTYPE hibernate-mapping PUBLIC
    "-//Hibernate/Hibernate Mapping DTD 3.0//EN"
    "http://www.hibernate.org/dtd/hibernate-mapping-3.0.dtd">
<hibernate-mapping>

    <class name="school.CourseTimePlanEntity" table="CourseTimePlan" schema="dbo" catalog="SSE">
        <id name="objectId">
            <column name="ObjectID" sql-type="int"/>
        </id>
        <property name="classId">
            <column name="ClassID" sql-type="nvarchar(50)" length="50"/>
        </property>
        <property name="courseName">
            <column name="CourseName" sql-type="nvarchar(50)" length="50" not-null="true"/>
        </property>
        <property name="startStopWeek">
            <column name="StartStopWeek" sql-type="nvarchar(50)" length="50" not-null="true"/>
        </property>
        <property name="week">
            <column name="Week" sql-type="nvarchar(50)" length="50" not-null="true"/>
        </property>
        <property name="classTime">
            <column name="ClassTime" sql-type="nvarchar(50)" length="50" not-null="true"/>
        </property>
        <property name="room">
            <column name="Room" sql-type="nvarchar(50)" length="50" not-null="true"/>
        </property>
        <property name="location">
            <column name="Location" sql-type="nvarchar(50)" length="50" not-null="true"/>
        </property>
        <property name="year">
            <column name="Year" sql-type="nvarchar(50)" length="50" not-null="true"/>
        </property>
        <property name="isExperimental">
            <column name="ISExperimental" sql-type="int" not-null="true"/>
        </property>
    </class>
</hibernate-mapping>