<?xml version='1.0' encoding='utf-8'?>
<!DOCTYPE hibernate-mapping PUBLIC
    "-//Hibernate/Hibernate Mapping DTD 3.0//EN"
    "http://www.hibernate.org/dtd/hibernate-mapping-3.0.dtd">
<hibernate-mapping>

    <class name="school.ElectiveStudentEntity" table="ElectiveStudent" schema="dbo" catalog="SSE">
        <id name="objectId">
            <column name="ObjectID" sql-type="int"/>
        </id>
        <property name="classId">
            <column name="ClassID" sql-type="nvarchar(50)" length="50" not-null="true"/>
        </property>
        <property name="courseId">
            <column name="CourseID" sql-type="nvarchar(50)" length="50" not-null="true"/>
        </property>
        <property name="studentId">
            <column name="StudentID" sql-type="nvarchar(50)" length="50"/>
        </property>
        <property name="studentName">
            <column name="StudentName" sql-type="nvarchar(50)" length="50" not-null="true"/>
        </property>
        <property name="year">
            <column name="Year" sql-type="nvarchar(50)" length="50" not-null="true"/>
        </property>
    </class>
</hibernate-mapping>