<?xml version='1.0' encoding='utf-8'?>
<!DOCTYPE hibernate-mapping PUBLIC
    "-//Hibernate/Hibernate Mapping DTD 3.0//EN"
    "http://www.hibernate.org/dtd/hibernate-mapping-3.0.dtd">
<hibernate-mapping>

    <class name="school.StudentEntity" table="Student" schema="dbo" catalog="SSE">
        <id name="studentId">
            <column name="StudentID" sql-type="nvarchar(50)" length="50"/>
        </id>
        <property name="major">
            <column name="Major" sql-type="nvarchar(50)" length="50"/>
        </property>
        <property name="name">
            <column name="Name" sql-type="nvarchar(50)" length="50"/>
        </property>
        <property name="majorType">
            <column name="MajorType" sql-type="nvarchar(50)" length="50"/>
        </property>
        <property name="matriculationDate">
            <column name="MatriculationDate" sql-type="date" not-null="true"/>
        </property>
    </class>
</hibernate-mapping>