<?xml version='1.0' encoding='utf-8'?>
<!DOCTYPE hibernate-mapping PUBLIC
    "-//Hibernate/Hibernate Mapping DTD 3.0//EN"
    "http://www.hibernate.org/dtd/hibernate-mapping-3.0.dtd">
<hibernate-mapping>

    <class name="school.TrainingPlanEntity" table="TrainingPlan" schema="dbo" catalog="SSE">
        <id name="objectId">
            <column name="ObjectID" sql-type="int"/>
        </id>
        <property name="trainingProgramName">
            <column name="TrainingProgramName" sql-type="nvarchar(50)" length="50" not-null="true"/>
        </property>
        <property name="managerClass">
            <column name="ManagerClass" sql-type="nvarchar(2000)" length="2000" not-null="true"/>
        </property>
        <property name="schoolYear">
            <column name="SchoolYear" sql-type="nvarchar(50)" length="50" not-null="true"/>
        </property>
        <property name="refresherCourse">
            <column name="RefresherCourse" sql-type="nvarchar(200)" length="200" not-null="true"/>
        </property>
        <property name="credit">
            <column name="Credit" sql-type="float" precision="-1" not-null="true"/>
        </property>
        <property name="remark">
            <column name="Remark" sql-type="nvarchar(200)" length="200" not-null="true"/>
        </property>
    </class>
</hibernate-mapping>