<?xml version='1.0' encoding='utf-8'?>
<!DOCTYPE hibernate-mapping PUBLIC
    "-//Hibernate/Hibernate Mapping DTD 3.0//EN"
    "http://www.hibernate.org/dtd/hibernate-mapping-3.0.dtd">
<hibernate-mapping>

    <class name="school.TrainingPlanCourseEntity" table="TrainingPlanCourse" schema="dbo" catalog="SSE">
        <id name="objectId">
            <column name="ObjectID" sql-type="int"/>
        </id>
        <property name="courseId">
            <column name="CourseID" sql-type="nvarchar(50)" length="50"/>
        </property>
        <property name="courseName">
            <column name="CourseName" sql-type="nvarchar(50)" length="50"/>
        </property>
        <property name="trainingProgramId">
            <column name="TrainingProgramID" sql-type="int"/>
        </property>
        <property name="courseType">
            <column name="CourseType" sql-type="nvarchar(2000)" length="2000" not-null="true"/>
        </property>
        <property name="trainingProgramName">
            <column name="TrainingProgramName" sql-type="nvarchar(50)" length="50" not-null="true"/>
        </property>
        <property name="bz">
            <column name="BZ" sql-type="nvarchar(500)" length="500" not-null="true"/>
        </property>
        <property name="courseUnit">
            <column name="CourseUnit" sql-type="nvarchar(50)" length="50" not-null="true"/>
        </property>
        <property name="startSemester1">
            <column name="StartSemester1" sql-type="nvarchar(50)" length="50" not-null="true"/>
        </property>
        <property name="location1">
            <column name="Location1" sql-type="nvarchar(50)" length="50" not-null="true"/>
        </property>
        <property name="startSemester2">
            <column name="StartSemester2" sql-type="nvarchar(50)" length="50" not-null="true"/>
        </property>
        <property name="location2">
            <column name="Location2" sql-type="nvarchar(50)" length="50" not-null="true"/>
        </property>
    </class>
</hibernate-mapping>