<?xml version='1.0' encoding='utf-8'?>
<!DOCTYPE hibernate-configuration PUBLIC "-//Hibernate/Hibernate Configuration DTD//EN"
        "http://www.hibernate.org/dtd/hibernate-configuration-3.0.dtd">

<hibernate-configuration>
    <session-factory>
        <property name="connection.url">jdbc:oracle:thin:@localhost:1521:XE</property>
        <property name="connection.driver_class">oracle.jdbc.OracleDriver</property>
        <!--控制台打印SQL-->
        <property name="show_sql">false</property>
        <!--对SQL进行格式化-->
        <property name="format_sql">true</property>
        <!--数据库方言-->
        <property name="dialect">org.hibernate.dialect.Oracle12cDialect</property>
        <property name="connection.username">sa</property>
        <property name="connection.password">12348765</property>
        <property name="hibernate.default_schema">SA</property>
        <!--&lt;!&ndash;指定自动生成表的策略&ndash;&gt;-->
        <property name="hibernate.hbm2ddl.auto">update</property>

        <mapping resource="mysystem/ElectiveStudentEntity.hbm.xml"/>
        <mapping resource="mysystem/TotalClassEntity.hbm.xml"/>
        <mapping resource="mysystem/MulChoiceClassEntity.hbm.xml"/>
        <mapping resource="mysystem/CourseSchEntity.hbm.xml"/>
        <mapping resource="mysystem/StudentInfoEntity.hbm.xml"/>


    </session-factory>
</hibernate-configuration>