<?xml version='1.0' encoding='utf-8'?>
<!DOCTYPE hibernate-configuration PUBLIC
        "-//Hibernate/Hibernate Configuration DTD//EN"
        "http://www.hibernate.org/dtd/hibernate-configuration-3.0.dtd">
<hibernate-configuration>
    <session-factory>
        <!--控制台打印SQL-->
        <property name="show_sql">false</property>
        <!--对SQL进行格式化-->
        <property name="format_sql">true</property>
        <!--数据库方言-->
        <property name="dialect">org.hibernate.dialect.SQLServer2008Dialect</property>
        <property name="connection.url">jdbc:sqlserver://localhost:1433;databaseName=SSE</property>
        <property name="connection.driver_class">com.microsoft.sqlserver.jdbc.SQLServerDriver</property>
        <property name="connection.username">sa</property>
        <property name="connection.password">12348765</property>
        <mapping resource="school/CommencedMultipleChoiceOneCourseEntity.hbm.xml"/>
        <mapping resource="school/CourseEntity.hbm.xml"/>
        <mapping resource="school/CoursePlanEntity.hbm.xml"/>
        <mapping resource="school/CourseTimePlanEntity.hbm.xml"/>
        <mapping resource="school/ElectiveStudentEntity.hbm.xml"/>
        <mapping resource="school/MultipleChoiceOneCourseEntity.hbm.xml"/>
        <mapping resource="school/StudentEntity.hbm.xml"/>
        <mapping resource="school/TrainingPlanEntity.hbm.xml"/>
        <mapping resource="school/TrainingPlanCourseEntity.hbm.xml"/>

        <!-- <property name="connection.username"/> -->
        <!-- <property name="connection.password"/> -->

        <!-- DB schema will be updated if needed -->
        <!-- <property name="hbm2ddl.auto">update</property> -->
    </session-factory>
</hibernate-configuration>