<?xml version='1.0' encoding='utf-8'?>
<!DOCTYPE hibernate-mapping PUBLIC
    "-//Hibernate/Hibernate Mapping DTD 3.0//EN"
    "http://www.hibernate.org/dtd/hibernate-mapping-3.0.dtd">
<hibernate-mapping>

    <class name="mysystem.CourseSchEntity" table="COURSE_SCH" schema="SA">
        <id name="courseid">
            <column name="COURSEID" sql-type="nvarchar2(50)" length="50"/>
        </id>
        <property name="coursename">
            <column name="COURSENAME" sql-type="nvarchar2(50)" length="50"/>
        </property>
        <property name="theoryhours">
            <column name="THEORYHOURS" sql-type="nvarchar2(10)" length="10"/>
        </property>
        <property name="testhours">
            <column name="TESTHOURS" sql-type="nvarchar2(10)" length="10"/>
        </property>
        <property name="credit">
            <column name="CREDIT" sql-type="float(50)" precision="50"/>
        </property>
        <property name="writer">
            <column name="WRITER" sql-type="nvarchar2(400)" length="400"/>
        </property>
        <property name="objectivesandrequirements">
            <column name="OBJECTIVESANDREQUIREMENTS" sql-type="clob"/>
        </property>
        <property name="coursesinfo">
            <column name="COURSESINFO" sql-type="clob"/>
        </property>
        <property name="keyanddifficult">
            <column name="KEYANDDIFFICULT" sql-type="clob"/>
        </property>
        <property name="teachingmaterials">
            <column name="TEACHINGMATERIALS" sql-type="clob"/>
        </property>
        <property name="maincontentsandhoursallocation">
            <column name="MAINCONTENTSANDHOURSALLOCATION" sql-type="clob"/>
        </property>
    </class>
</hibernate-mapping>