<?xml version='1.0' encoding='utf-8'?>
<!DOCTYPE hibernate-mapping PUBLIC
    "-//Hibernate/Hibernate Mapping DTD 3.0//EN"
    "http://www.hibernate.org/dtd/hibernate-mapping-3.0.dtd">
<hibernate-mapping>

    <class name="mysystem.ElectiveStudentEntity" table="ELECTIVE_STUDENT" schema="SA">
        <id name="idesstucoucla">
            <column name="IDESSTUCOUCLA" sql-type="nvarchar2(50)" precision="2147483646"/>
            <!--<generator class="increment"/>-->
        </id>
        <property name="studentid">
            <column name="STUDENTID" sql-type="nvarchar2(50)" length="50"/>
        </property>
        <property name="courseid">
            <column name="COURSEID" sql-type="nvarchar2(50)" length="50"/>
        </property>
        <property name="classid">
            <column name="CLASSID" sql-type="nvarchar2(50)" length="50"/>
        </property>
        <property name="majortype">
            <column name="MAJORTYPE" sql-type="nvarchar2(50)" length="50"/>
        </property>
        <property name="year">
            <column name="YEAR" sql-type="nvarchar2(50)" length="50"/>
        </property>
        <property name="ispriority">
            <column name="ISPRIORITY" sql-type="number(*)" precision="2147483646" not-null="true"/>
        </property>
    </class>
</hibernate-mapping>