<?xml version='1.0' encoding='utf-8'?>
<!DOCTYPE hibernate-mapping PUBLIC
    "-//Hibernate/Hibernate Mapping DTD 3.0//EN"
    "http://www.hibernate.org/dtd/hibernate-mapping-3.0.dtd">
<hibernate-mapping>

    <class name="mysystem.MulChoiceClassEntity" table="MUL_CHOICE_CLASS" schema="SA">
        <id name="idcourseclass">
            <column name="IDCOURSECLASS" sql-type="number(*)" precision="2147483646"/>
        </id>
        <property name="courseid">
            <column name="COURSEID" sql-type="nvarchar2(50)" length="50"/>
        </property>
        <property name="classid">
            <column name="CLASSID" sql-type="nvarchar2(50)" length="50"/>
        </property>
        <property name="coursename">
            <column name="COURSENAME" sql-type="nvarchar2(50)" length="50"/>
        </property>
        <property name="multichoiceone">
            <column name="MULTICHOICEONE" sql-type="nvarchar2(50)" length="50"/>
        </property>
        <property name="courseprofessional">
            <column name="COURSEPROFESSIONAL" sql-type="nvarchar2(200)" length="200"/>
        </property>
    </class>
</hibernate-mapping>