<?xml version='1.0' encoding='utf-8'?>
<!DOCTYPE hibernate-mapping PUBLIC
    "-//Hibernate/Hibernate Mapping DTD 3.0//EN"
    "http://www.hibernate.org/dtd/hibernate-mapping-3.0.dtd">
<hibernate-mapping>

    <class name="mysystem.StudentInfoEntity" table="STUDENT_INFO" schema="sa">
        <id name="studentid">
            <column name="STUDENTID" sql-type="nvarchar2(50)" length="50"/>
        </id>
        <property name="name">
            <column name="NAME" sql-type="nvarchar2(50)" length="50"/>
        </property>
        <property name="major">
            <column name="MAJOR" sql-type="nvarchar2(50)" length="50"/>
        </property>
        <property name="majortype">
            <column name="MAJORTYPE" sql-type="nvarchar2(50)" length="50"/>
        </property>
        <property name="matriculationdate">
            <column name="MATRICULATIONDATE" sql-type="date" />
        </property>
    </class>
</hibernate-mapping>