<?xml version='1.0' encoding='utf-8'?>
<!DOCTYPE hibernate-mapping PUBLIC
    "-//Hibernate/Hibernate Mapping DTD 3.0//EN"
    "http://www.hibernate.org/dtd/hibernate-mapping-3.0.dtd">
<hibernate-mapping>

    <class name="mysystem.TotalClassEntity" table="TOTAL_CLASS" schema="SA">
        <id name="idcourseclass">
            <column name="IDCOURSECLASS" sql-type="number(*)" precision="2000"/>
            <generator class="increment"/>
        </id>
        <property name="courseid">
            <column name="COURSEID" sql-type="nvarchar2(50)" length="50"/>
        </property>
        <property name="classid">
            <column name="CLASSID" sql-type="nvarchar2(50)" length="50"/>
        </property>
        <property name="coursename">
            <column name="COURSENAME" sql-type="nvarchar2(50)" length="50"/>
        </property>
        <property name="maxnumber">
            <column name="MAXNUMBER" sql-type="number(*)" precision="2147483646"/>
        </property>
        <property name="allowmultiplechoice">
            <column name="ALLOWMULTIPLECHOICE" sql-type="number(*)" precision="2147483646"/>
        </property>
        <!--<property name="credit">-->
            <!--<column name="CREDIT" sql-type="float(50)" precision="50"/>-->
        <!--</property>-->
        <property name="teachername">
            <column name="TEACHERNAME" sql-type="nvarchar2(50)" length="50"/>
        </property>
        <property name="teachername2">
            <column name="TEACHERNAME2" sql-type="nvarchar2(50)" length="50" not-null="true"/>
        </property>
        <property name="expelimentteacher">
            <column name="EXPELIMENTTEACHER" sql-type="nvarchar2(50)" length="50" not-null="true"/>
        </property>
        <property name="expelimentteacher2">
            <column name="EXPELIMENTTEACHER2" sql-type="nvarchar2(50)" length="50" not-null="true"/>
        </property>
        <property name="expelimentteacher3">
            <column name="EXPELIMENTTEACHER3" sql-type="nvarchar2(50)" length="50" not-null="true"/>
        </property>
        <property name="startstopweek">
            <column name="STARTSTOPWEEK" sql-type="nvarchar2(50)" length="50"/>
        </property>
        <property name="week">
            <column name="WEEK" sql-type="nvarchar2(50)" length="50"/>
        </property>
        <property name="classtime">
            <column name="CLASSTIME" sql-type="nvarchar2(50)" length="50"/>
        </property>
        <property name="room">
            <column name="ROOM" sql-type="nvarchar2(50)" length="50"/>
        </property>
        <property name="location">
            <column name="LOCATION" sql-type="nvarchar2(50)" length="50"/>
        </property>
        <property name="year">
            <column name="YEAR" sql-type="nvarchar2(50)" length="50"/>
        </property>
        <property name="electivestarttime">
            <column name="ELECTIVESTARTTIME" sql-type="date" not-null="true"/>
        </property>
        <property name="electiveendtime">
            <column name="ELECTIVEENDTIME" sql-type="date" not-null="true"/>
        </property>
        <property name="backcourseendtime">
            <column name="BACKCOURSEENDTIME" sql-type="date" not-null="true"/>
        </property>
        <property name="optionalprofessional">
            <column name="OPTIONALPROFESSIONAL" sql-type="nvarchar2(50)" length="50"/>
        </property>
        <property name="isexperimental">
            <column name="ISEXPERIMENTAL" sql-type="number(*)" precision="2147483646"/>
        </property>
        <property name="isdelete">
            <column name="ISDELETE" sql-type="number(*)" precision="2147483646"/>
        </property>
    </class>
</hibernate-mapping>